city,state,zipcode,county,employer_name,case_number
BALTIMORE ,MARYLAND ,21227 ,BALTIMORE ,L&T TECHNOLOGY SERVICES LIMITED ,I-200-16357-471908 
AUBURN HILLS ,MICHIGAN ,48326 ,OAKLAND ,L&T TECHNOLOGY SERVICES LIMITED ,I-200-16357-447867 
RICHMOND ,CALIFORNIA ,94804 ,CONTRA COSTA ,L&T TECHNOLOGY SERVICES LIMITED ,I-200-16356-073173 
BOHEMIA ,NEW YORK ,11716 ,SUFFOLK ,L&T TECHNOLOGY SERVICES LIMITED ,I-200-16356-872897 
LIVONIA ,MICHIGAN ,48152 ,WAYNE ,L&T TECHNOLOGY SERVICES LIMITED ,I-200-16356-431980 
FRANKLIN ,TENNESSEE ,37067 ,WILLIAMSON ,L&T TECHNOLOGY SERVICES LIMITED ,I-200-16356-304421 
HOUSTON ,TEXAS ,77032 ,HARRIS ,L&T TECHNOLOGY SERVICES LIMITED ,I-200-16356-769197 
HOLTSVILLE ,NEW YORK ,11742 ,SUFFOLK ,L&T TECHNOLOGY SERVICES LIMITED ,I-200-16355-186116 
SCHAUMBURG ,ILLINOIS ,60196 ,COOK ,L&T TECHNOLOGY SERVICES LIMITED ,I-200-16355-992874 
BURR RIDGE ,ILLINOIS ,60527 ,DUPAGE ,L&T TECHNOLOGY SERVICES LIMITED ,I-200-16354-182783 
HOLTSVILLE ,NEW YORK ,11742 ,SUFFOLK ,L&T TECHNOLOGY SERVICES LIMITED ,I-200-16354-652685 
HOLTSVILLE ,NEW YORK ,11742 ,SUFFOLK ,L&T TECHNOLOGY SERVICES LIMITED ,I-200-16351-110253 
VICTORIA ,TEXAS ,77905 ,GOLIAD ,L&T TECHNOLOGY SERVICES LIMITED ,I-200-16351-229081 
MIDDLETON ,WISCONSIN ,53562 ,DANE ,L&T TECHNOLOGY SERVICES LIMITED ,I-200-16351-051744 
EL SEGUNDO ,CALIFORNIA ,90245 ,LOS ANGELES ,L&T TECHNOLOGY SERVICES LIMITED ,I-200-16350-427596 
DAVENPORT ,IOWA ,52802 ,SCOTT ,L&T TECHNOLOGY SERVICES LIMITED ,I-200-16349-611145 
WALTON ,NEW YORK ,13856 ,DELAWARE ,L&T TECHNOLOGY SERVICES LIMITED ,I-200-16349-745085 
SPRINGFIELD ,MISSOURI ,65804 ,GREENE ,L&T TECHNOLOGY SERVICES LIMITED ,I-200-16349-963166 
WOBURN ,MASSACHUSETTS ,01801 ,MIDDLESEX ,L&T TECHNOLOGY SERVICES LIMITED ,I-200-16349-081194 
WOBURN ,MASSACHUSETTS ,01801 ,MIDDLESEX ,L&T TECHNOLOGY SERVICES LIMITED ,I-200-16349-476766 
MASSILLON ,OHIO ,44647 ,STARK ,L&T TECHNOLOGY SERVICES LIMITED ,I-200-16349-822700 
WINCHESTER ,VIRGINIA ,22603 ,FREDERICK ,L&T TECHNOLOGY SERVICES LIMITED ,I-200-16349-903038 
WINCHESTER ,VIRGINIA ,22603 ,FREDERICK ,L&T TECHNOLOGY SERVICES LIMITED ,I-200-16349-236756 
SUFFOLK ,VIRGINIA ,23434 ,SUFFOLK CITY ,L&T TECHNOLOGY SERVICES LIMITED ,I-200-16349-919139 
LOWVILLE ,NEW YORK ,13367 ,LEWIS ,L&T TECHNOLOGY SERVICES LIMITED ,I-200-16349-451726 
MUSCATINE ,IOWA ,52761 ,MUSCATINE ,L&T TECHNOLOGY SERVICES LIMITED ,I-200-16349-294645 
SUFFOLK ,VIRGINIA ,23434 ,SUFFOLK CITY ,L&T TECHNOLOGY SERVICES LIMITED ,I-200-16349-653525 
JACKSONVILLE ,FLORIDA ,32202 ,DUVAL ,L&T TECHNOLOGY SERVICES LIMITED ,I-200-16349-393210 
FEDERALSBURG ,MARYLAND ,21632 ,CAROLINE ,L&T TECHNOLOGY SERVICES LIMITED ,I-200-16349-653171 
MASON CITY ,IOWA ,50401 ,CERRO GORDO ,L&T TECHNOLOGY SERVICES LIMITED ,I-200-16349-000053 
MUSCATINE ,IOWA ,52761 ,MUSCATINE ,L&T TECHNOLOGY SERVICES LIMITED ,I-200-16349-270798 
GRANITE CITY ,ILLINOIS ,62040 ,MADISON ,L&T TECHNOLOGY SERVICES LIMITED ,I-200-16349-380969 
WALTON ,NEW YORK ,13856 ,DELAWARE ,L&T TECHNOLOGY SERVICES LIMITED ,I-200-16349-914906 
IRVINE ,CALIFORNIA ,92614 ,ORANGE ,L&T TECHNOLOGY SERVICES LIMITED ,I-200-16349-247997 
MARYSVILLE ,OHIO ,43040 ,UNION ,L&T TECHNOLOGY SERVICES LIMITED ,I-200-16349-700864 
MASON CITY ,IOWA ,50401 ,CERRO GORDO ,L&T TECHNOLOGY SERVICES LIMITED ,I-200-16349-472535 
MUSCATINE ,IOWA ,52761 ,MUSCATINE ,L&T TECHNOLOGY SERVICES LIMITED ,I-200-16349-316127 
ESCALON ,CALIFORNIA ,95320 ,SAN JOAQUIN ,L&T TECHNOLOGY SERVICES LIMITED ,I-200-16349-108065 
FORT SMITH ,ARKANSAS ,72908 ,SEBASTIAN ,L&T TECHNOLOGY SERVICES LIMITED ,I-200-16349-033433 
IRVINE ,CALIFORNIA ,92614 ,ORANGE ,L&T TECHNOLOGY SERVICES LIMITED ,I-200-16349-002549 
COSHOCTON ,OHIO ,43812 ,COSHOCTON ,L&T TECHNOLOGY SERVICES LIMITED ,I-200-16349-090968 
MASON CITY ,IOWA ,50401 ,CERRO GORDO ,L&T TECHNOLOGY SERVICES LIMITED ,I-200-16349-372459 
CEDAR RAPIDS ,IOWA ,52404 ,LINN ,L&T TECHNOLOGY SERVICES LIMITED ,I-200-16349-342085 
FORT SMITH ,ARKANSAS ,72908 ,SEBASTIAN ,L&T TECHNOLOGY SERVICES LIMITED ,I-200-16349-597574 
CAMPBELL ,NEW YORK ,14821 ,STEUBEN ,L&T TECHNOLOGY SERVICES LIMITED ,I-200-16349-634379 
IRVINE ,CALIFORNIA ,92614 ,ORANGE ,L&T TECHNOLOGY SERVICES LIMITED ,I-200-16349-874590 
AVON ,NEW YORK ,14414 ,LIVINGSTON ,L&T TECHNOLOGY SERVICES LIMITED ,I-200-16349-357832 
ALBANY ,MINNESOTA ,56307 ,STEARNS ,L&T TECHNOLOGY SERVICES LIMITED ,I-200-16349-740871 
FORT MYERS ,FLORIDA ,33905 ,LEE ,L&T TECHNOLOGY SERVICES LIMITED ,I-200-16349-404865 
COSHOCTON ,OHIO ,43812 ,COSHOCTON ,L&T TECHNOLOGY SERVICES LIMITED ,I-200-16349-966258 
CAMPBELL ,NEW YORK ,14821 ,STEUBEN ,L&T TECHNOLOGY SERVICES LIMITED ,I-200-16349-898728 
CAMPBELL ,NEW YORK ,14821 ,STEUBEN ,L&T TECHNOLOGY SERVICES LIMITED ,I-200-16349-922148 
AVON ,NEW YORK ,14414 ,LIVINGSTON ,L&T TECHNOLOGY SERVICES LIMITED ,I-200-16349-777855 
AVON ,NEW YORK ,14414 ,LIVINGSTON ,L&T TECHNOLOGY SERVICES LIMITED ,I-200-16349-497162 
BEDFORD ,MASSACHUSETTS ,01730 ,MIDDLESEX ,L&T TECHNOLOGY SERVICES LIMITED ,I-200-16349-803265 
CARROLLTON ,TEXAS ,75006 ,DALLAS ,L&T TECHNOLOGY SERVICES LIMITED ,I-200-16348-969617 
HOUSTON ,TEXAS ,77032 ,HARRIS ,L&T TECHNOLOGY SERVICES LIMITED ,I-200-16348-372988 
LAWRENCEVILLE ,GEORGIA ,30044 ,GWINNETT ,L&T TECHNOLOGY SERVICES LIMITED ,I-200-16348-012513 
MILWAUKEE ,WISCONSIN ,53209 ,MILWAUKEE ,L&T TECHNOLOGY SERVICES LIMITED ,I-200-16347-698483 
CARLSBAD ,CALIFORNIA ,92008 ,SAN DIEGO ,L&T TECHNOLOGY SERVICES LIMITED ,I-200-16347-807172 
WISCONSIN RAPIDS ,WISCONSIN ,54494 ,WOOD ,L&T TECHNOLOGY SERVICES LIMITED ,I-200-16344-669443 
ATHENS ,GEORGIA ,30601 ,CLARKE ,L&T TECHNOLOGY SERVICES LIMITED ,I-200-16344-085192 
LAKE BLUFF ,ILLINOIS ,60044 ,LAKE ,L&T TECHNOLOGY SERVICES LIMITED ,I-200-16344-777090 
IOWA CITY ,IOWA ,52240 ,JOHNSON ,L&T TECHNOLOGY SERVICES LIMITED ,I-200-16344-426023 
SANTA CLARA ,CALIFORNIA ,95054 ,SANTA CLARA ,L&T TECHNOLOGY SERVICES LIMITED ,I-200-16343-482968 
INDEPENDENCE ,MISSOURI ,64055 ,JACKSON ,L&T TECHNOLOGY SERVICES LIMITED ,I-200-16343-247746 
NEW YORK MILLS ,MINNESOTA ,56567 ,OTTER TAIL ,L&T TECHNOLOGY SERVICES LIMITED ,I-200-16343-716074 
MOON TOWNSHIP ,PENNSYLVANIA ,15108 ,ALLEGHENY ,L&T TECHNOLOGY SERVICES LIMITED ,I-200-16343-262778 
IOWA CITY ,IOWA ,52240 ,JOHNSON ,L&T TECHNOLOGY SERVICES LIMITED ,I-200-16342-892902 
DALLAS ,TEXAS ,75243 ,DALLAS ,L&T TECHNOLOGY SERVICES LIMITED ,I-200-16342-431230 
EAST MOLINE ,ILLINOIS ,61244 ,ROCK ISLAND ,L&T TECHNOLOGY SERVICES LIMITED ,I-200-16342-631242 
LIMA ,OHIO ,45801 ,ALLEN ,L&T TECHNOLOGY SERVICES LIMITED ,I-200-16341-207599 
PEACHTREE CITY ,GEORGIA ,30269 ,FAYETTE ,L&T TECHNOLOGY SERVICES LIMITED ,I-200-16340-360615 
LAKE BLUFF ,ILLINOIS ,60044 ,LAKE ,L&T TECHNOLOGY SERVICES LIMITED ,I-200-16340-134204 
HOUSTON ,TEXAS ,77002 ,HARRIS ,L&T TECHNOLOGY SERVICES LIMITED ,I-200-16337-245876 
LAGRANGE ,GEORGIA ,30240 ,TROUP ,L&T TECHNOLOGY SERVICES LIMITED ,I-200-16337-864305 
LAS VEGAS ,NEVADA ,89118 ,CLARK ,L&T TECHNOLOGY SERVICES LIMITED ,I-200-16336-763647 
KOKOMO ,INDIANA ,46902 ,HOWARD ,L&T TECHNOLOGY SERVICES LIMITED ,I-200-16335-204931 
IOWA CITY ,IOWA ,52240 ,JOHNSON ,L&T TECHNOLOGY SERVICES LIMITED ,I-200-16335-290224 
BATESVILLE ,INDIANA ,47006 ,FRANKLIN ,L&T TECHNOLOGY SERVICES LIMITED ,I-200-16335-474880 
LAKE FOREST ,CALIFORNIA ,92630 ,ORNAGE ,L&T TECHNOLOGY SERVICES LIMITED ,I-200-16330-221277 
HOLTSVILLE ,NEW YORK ,11742 ,SUFFOLK ,L&T TECHNOLOGY SERVICES LIMITED ,I-200-16329-549175 
MOON ,PENNSYLVANIA ,15108 ,ALLEGHENY ,L&T TECHNOLOGY SERVICES LIMITED ,I-200-16329-606367 
HOUSTON ,TEXAS ,77032 ,HARRIS ,L&T TECHNOLOGY SERVICES LIMITED ,I-200-16328-969449 
PEACHTREE CITY ,GEORGIA ,30269 ,FAYETTE ,L&T TECHNOLOGY SERVICES LIMITED ,I-200-16328-110341 
SALT LAKE CITY ,UTAH ,84123 ,SALT LAKE ,L&T TECHNOLOGY SERVICES LIMITED ,I-200-16328-685548 
HOUSTON ,TEXAS ,77032 ,HARRIS ,L&T TECHNOLOGY SERVICES LIMITED ,I-200-16327-818002 
MASON ,OHIO ,45040 ,WARREN ,L&T TECHNOLOGY SERVICES LIMITED ,I-200-16327-183034 
EAST LIBERTY ,OHIO ,43319 ,LOGAN ,L&T TECHNOLOGY SERVICES LIMITED ,I-200-16326-111597 
NORCROSS ,GEORGIA ,30092 ,GWINNETT ,L&T TECHNOLOGY SERVICES LIMITED ,I-200-16323-889935 
PEACHTREE CITY ,GEORGIA ,30269 ,FAYETTE ,L&T TECHNOLOGY SERVICES LIMITED ,I-200-16323-740998 
IRVINE ,CALIFORNIA ,92618 ,ORANGE ,L&T TECHNOLOGY SERVICES LIMITED ,I-200-16323-319760 
STOW ,MASSACHUSETTS ,01775 ,MIDDLESEX ,L&T TECHNOLOGY SERVICES LIMITED ,I-200-16323-929288 
ALACHUA ,FLORIDA ,32615 ,ALACHUA ,L&T TECHNOLOGY SERVICES LIMITED ,I-200-16323-772586 
QUINCY ,ILLINOIS ,62305 ,ADAMS ,L&T TECHNOLOGY SERVICES LIMITED ,I-200-16323-706831 
CHASKA ,MINNESOTA ,55318 ,CARVER ,L&T TECHNOLOGY SERVICES LIMITED ,I-200-16320-629380 
MARYSVILLE ,OHIO ,43040 ,UNION ,L&T TECHNOLOGY SERVICES LIMITED ,I-200-16320-269023 
NORCROSS ,GEORGIA ,30092 ,GWINNETT ,L&T TECHNOLOGY SERVICES LIMITED ,I-200-16320-523255 
FARIBAULT ,MINNESOTA ,55021 ,RICE ,L&T TECHNOLOGY SERVICES LIMITED ,I-200-16320-114503 
BAKERSFIELD ,CALIFORNIA ,93313 ,KERN ,L&T TECHNOLOGY SERVICES LIMITED ,I-200-16320-363151 
CHICAGO ,ILLINOIS ,60661 ,COOK ,L&T TECHNOLOGY SERVICES LIMITED ,I-200-16319-515726 
SUFFOLK ,VIRGINIA ,23434 ,SUFFOLK CITY ,L&T TECHNOLOGY SERVICES LIMITED ,I-200-16319-817529 
ONTARIO ,OREGON ,97914 ,MALHEUR ,L&T TECHNOLOGY SERVICES LIMITED ,I-200-16316-494642 
NORCROSS ,GEORGIA ,30092 ,FULTON ,L&T TECHNOLOGY SERVICES LIMITED ,I-200-16316-893220 
ACTON ,MASSACHUSETTS ,01720 ,MIDDLESEX ,L&T TECHNOLOGY SERVICES LIMITED ,I-200-16316-951663 
CHICAGO ,ILLINOIS ,60632 ,COOK ,L&T TECHNOLOGY SERVICES LIMITED ,I-200-16316-340464 
CHICAGO ,ILLINOIS ,60632 ,COOK ,L&T TECHNOLOGY SERVICES LIMITED ,I-200-16315-985932 
LAKE FOREST ,CALIFORNIA ,92630 ,ORANGE ,L&T TECHNOLOGY SERVICES LIMITED ,I-200-16315-916097 
MANSFIELD ,MASSACHUSETTS ,02048 ,BRISTOL ,L&T TECHNOLOGY SERVICES LIMITED ,I-200-16315-109633 
GARLAND ,TEXAS ,75042 ,DALLAS ,L&T TECHNOLOGY SERVICES LIMITED ,I-200-16314-572686 
NEW ULM ,MINNESOTA ,56073 ,BROWN ,L&T TECHNOLOGY SERVICES LIMITED ,I-200-16314-790126 
WINCHESTER ,VIRGINIA ,22603 ,FREDERICK ,L&T TECHNOLOGY SERVICES LIMITED ,I-200-16314-756570 
CHAMPAIGN ,ILLINOIS ,61821 ,CHAMPAIGN ,L&T TECHNOLOGY SERVICES LIMITED ,I-200-16314-773781 
DOVER ,DELAWARE ,19904 ,KENT ,L&T TECHNOLOGY SERVICES LIMITED ,I-200-16314-641844 
MOON TOWNSHIP ,PENNSYLVANIA ,15108 ,ALLEGHENY ,L&T TECHNOLOGY SERVICES LIMITED ,I-200-16313-681303 
EDISON ,NEW JERSEY ,08817 ,MIDDLESEX ,L&T TECHNOLOGY SERVICES LIMITED ,I-200-16313-707554 
PINEVILLE ,LOUISIANA ,71360 ,RAPIDES ,L&T TECHNOLOGY SERVICES LIMITED ,I-200-16312-586023 
SKANEATELES ,NEW YORK ,13152 ,ONONDAGA ,L&T TECHNOLOGY SERVICES LIMITED ,I-200-16312-098035 
INDEPENDENCE ,MISSOURI ,64055 ,JACKSON ,L&T TECHNOLOGY SERVICES LIMITED ,I-200-16312-129672 
NORCROSS ,GEORGIA ,30092 ,GWINNETT ,L&T TECHNOLOGY SERVICES LIMITED ,I-200-16312-895173 
BOTHELL ,WASHINGTON ,98021 ,SNOHOMISH ,L&T TECHNOLOGY SERVICES LIMITED ,I-200-16309-271465 
GREENSBURG ,INDIANA ,47240 ,DECATUR ,L&T TECHNOLOGY SERVICES LIMITED ,I-200-16308-944526 
DOVER ,DELAWARE ,19904 ,KENT ,L&T TECHNOLOGY SERVICES LIMITED ,I-200-16308-581320 
GRAND ISLAND ,NEBRASKA ,68803 ,HALL ,L&T TECHNOLOGY SERVICES LIMITED ,I-200-16308-706634 
CHANDLER ,ARIZONA ,85226 ,MARICOPA ,L&T TECHNOLOGY SERVICES LIMITED ,I-200-16308-654890 
LENEXA ,KANSAS ,66219 ,JOHNSON ,L&T TECHNOLOGY SERVICES LIMITED ,I-200-16308-285307 
LAWRENCEVILLE ,GEORGIA ,30044 ,GWINNETT ,L&T TECHNOLOGY SERVICES LIMITED ,I-200-16307-966575 
SANTA CLARA ,CALIFORNIA ,95054 ,SANTA CLARA ,L&T TECHNOLOGY SERVICES LIMITED ,I-200-16307-949242 
NEWPORT NEWS ,VIRGINIA ,23602 ,NEWPORT NEWS ,L&T TECHNOLOGY SERVICES LIMITED ,I-200-16306-663841 
MODESTO ,CALIFORNIA ,95357 ,STANISLAUS ,L&T TECHNOLOGY SERVICES LIMITED ,I-200-16302-158349 
NEW ULM ,MINNESOTA ,56073 ,BROWN ,L&T TECHNOLOGY SERVICES LIMITED ,I-200-16301-876586 
CHAMPAIGN ,ILLINOIS ,61821 ,CHAMPAIGN ,L&T TECHNOLOGY SERVICES LIMITED ,I-200-16301-043684 
NEW ULM ,MINNESOTA ,56073 ,BROWN ,L&T TECHNOLOGY SERVICES LIMITED ,I-200-16301-663930 
CHAMPAIGN ,ILLINOIS ,61821 ,CHAMPAIGN ,L&T TECHNOLOGY SERVICES LIMITED ,I-200-16301-733557 
NEW ULM ,MINNESOTA ,56073 ,BROWN ,L&T TECHNOLOGY SERVICES LIMITED ,I-200-16301-270236 
CHAMPAIGN ,ILLINOIS ,61821 ,CHAMPAIGN ,L&T TECHNOLOGY SERVICES LIMITED ,I-200-16301-339336 
FREMONT ,CALIFORNIA ,94555 ,ALAMEDA ,L&T TECHNOLOGY SERVICES LIMITED ,I-200-16301-020039 
SANTA CLARA ,CALIFORNIA ,95054 ,SANTA CLARA ,L AND T TECHNOLOGY SERVICES LIMITED ,I-200-16301-027697 
FOND DU LAC ,WISCONSIN ,54936 ,FOND DU LAC ,L AND T TECHNOLOGY SERVICES LIMITED ,I-200-16301-916489 
SAINT ALBANS ,VERMONT ,05478 ,FRANKLIN ,L&T TECHNOLOGY SERVICES LIMITED ,I-200-16300-054451 
EAST SYRACUSE ,NEW YORK ,13057 ,ONONDAGA ,L AND T TECHNOLOGY SERVICES LIMITED ,I-200-16298-499816 
DAYTON ,OHIO ,45479 ,MONTGOMERY ,L&T TECHNOLOGY SERVICES LIMITED ,I-200-16295-113223 
NORWALK ,CONNECTICUT ,06855 ,FAIRFIELD ,L&T TECHNOLOGY SERVICES LIMITED ,I-200-16295-987159 
BOHEMIA ,NEW YORK ,11716 ,SUFFOLK ,L&T TECHNOLOGY SERVICES LIMITED ,I-200-16294-455366 
WOOD DALE ,ILLINOIS ,60191 ,DUPAGE ,L&T TECHNOLOGY SERVICES LIMITED ,I-200-16294-638298 
MARYSVILLE ,OHIO ,43040 ,UNION ,L&T TECHNOLOGY SERVICES LIMITED ,I-200-16294-019216 
HOUSTON ,TEXAS ,77032 ,HARRIS ,L&T TECHNOLOGY SERVICES LIMITED ,I-200-16293-341471 
IOWA CITY ,IOWA ,52240 ,JOHNSON ,L&T TECHNOLOGY SERVICES LIMITED ,I-200-16292-690285 
AUBURN HILLS ,MICHIGAN ,48326 ,OAKLAND ,L&T TECHNOLOGY SERVICES LIMITED ,I-200-16292-601055 
HUNTINGTON ,INDIANA ,46750 ,HUNTINGTON ,L AND T TECHNOLOGY SERVICES LIMITED ,I-200-16292-054081 
FORT WORTH ,TEXAS ,76126 ,TARRANT ,L&T TECHNOLOGY SERVICES LIMITED ,I-200-16292-428489 
DAVENPORT ,IOWA ,52802 ,SCOTT ,L&T TECHNOLOGY SERVICES LIMITED ,I-200-16291-499661 
ONTARIO ,OREGON ,97914 ,MALHEUR ,L&T TECHNOLOGY SERVICES LIMITED ,I-200-16291-320491 
KIRKSVILLE ,MISSOURI ,63501 ,ADAIR ,L&T TECHNOLOGY SERVICES LIMITED ,I-200-16291-227907 
DAVENPORT ,IOWA ,52802 ,SCOTT ,L&T TECHNOLOGY SERVICES LIMITED ,I-200-16291-377277 
ONTARIO ,OREGON ,97914 ,MALHEUR ,L&T TECHNOLOGY SERVICES LIMITED ,I-200-16291-429979 
FRESNO ,CALIFORNIA ,93725 ,FRESNO ,L&T TECHNOLOGY SERVICES LIMITED ,I-200-16291-709705 
KIRKSVILLE ,MISSOURI ,63501 ,ADAIR ,L&T TECHNOLOGY SERVICES LIMITED ,I-200-16291-028357 
FRESNO ,CALIFORNIA ,93725 ,FRESNO ,L&T TECHNOLOGY SERVICES LIMITED ,I-200-16291-975346 
COLUMBIA ,MISSOURI ,65202 ,BOONE ,L&T TECHNOLOGY SERVICES LIMITED ,I-200-16291-388249 
COLUMBIA ,MISSOURI ,65202 ,BOONE ,L&T TECHNOLOGY SERVICES LIMITED ,I-200-16291-167658 
DAVENPORT ,IOWA ,52802 ,SCOTT ,L&T TECHNOLOGY SERVICES LIMITED ,I-200-16291-568702 
ONTARIO ,OREGON ,97914 ,MALHEUR ,L&T TECHNOLOGY SERVICES LIMITED ,I-200-16291-816428 
KIRKSVILLE ,MISSOURI ,63501 ,ADAIR ,L&T TECHNOLOGY SERVICES LIMITED ,I-200-16291-382506 
FRESNO ,CALIFORNIA ,93725 ,FRESNO ,L&T TECHNOLOGY SERVICES LIMITED ,I-200-16291-976958 
DAVENPORT ,IOWA ,52802 ,SCOTT ,L&T TECHNOLOGY SERVICES LIMITED ,I-200-16291-553365 
COLUMBIA ,MISSOURI ,65202 ,BOONE ,L&T TECHNOLOGY SERVICES LIMITED ,I-200-16291-634612 
ONTARIO ,OREGON ,97914 ,MALHEUR ,L&T TECHNOLOGY SERVICES LIMITED ,I-200-16291-476358 
DAVENPORT ,IOWA ,52802 ,SCOTT ,L&T TECHNOLOGY SERVICES LIMITED ,I-200-16291-191588 
KIRKSVILLE ,MISSOURI ,63501 ,ADAIR ,L&T TECHNOLOGY SERVICES LIMITED ,I-200-16291-813619 
ONTARIO ,OREGON ,97914 ,MALHEUR ,L&T TECHNOLOGY SERVICES LIMITED ,I-200-16291-809193 
KIRKSVILLE ,MISSOURI ,63501 ,ADAIR ,L&T TECHNOLOGY SERVICES LIMITED ,I-200-16291-129957 
FRESNO ,CALIFORNIA ,93725 ,FRESNO ,L&T TECHNOLOGY SERVICES LIMITED ,I-200-16291-596545 
FRESNO ,CALIFORNIA ,93725 ,FRESNO ,L&T TECHNOLOGY SERVICES LIMITED ,I-200-16291-927068 
COLUMBIA ,MISSOURI ,65202 ,BOONE ,L&T TECHNOLOGY SERVICES LIMITED ,I-200-16291-941833 
COLUMBIA ,MISSOURI ,65202 ,BOONE ,L&T TECHNOLOGY SERVICES LIMITED ,I-200-16291-583535 
PEACHTREE CITY ,GEORGIA ,30269 ,FAYETTE ,L&T TECHNOLOGY SERVICES LIMITED ,I-200-16291-662554 
ROCKFORD ,ILLINOIS ,61108 ,WINNEBAGO ,L&T TECHNOLOGY SERVICES LIMITED ,I-200-16291-334343 
PHOENIX ,ARIZONA ,85040 ,MARICOPA ,L&T TECHNOLOGY SERVICES LIMITED ,I-200-16288-838280 
PINEVILLE ,LOUISIANA ,71360 ,RAPIDES ,L&T TECHNOLOGY SERVICES LIMITED ,I-200-16287-268965 
HILLSBORO ,OREGON ,97124 ,MULTNOMAH ,L&T TECHNOLOGY SERVICES LIMITED ,I-200-16287-050692 
LAS VEGAS ,NEVADA ,89118 ,CLARK ,L&T TECHNOLOGY SERVICES LIMITED ,I-200-16286-098970 
ROCKFORD ,ILLINOIS ,61108 ,WINNEBAGO ,L&T TECHNOLOGY SERVICES LIMITED ,I-200-16286-546849 
LIVONIA ,MICHIGAN ,48152 ,WAYNE ,L&T TECHNOLOGY SERVICES LIMITED ,I-200-16286-154761 
GERMANTOWN ,MARYLAND ,20874 ,MONTGOMERY ,L&T TECHNOLOGY SERVICES LIMITED ,I-200-16286-984949 
RAYMOND ,OHIO ,43067 ,UNION ,L&T TECHNOLOGY SERVICES LIMITED ,I-200-16286-568510 
HOUSTON ,TEXAS ,77032 ,HARRIS ,L&T TECHNOLOGY SERVICES LIMITED ,I-200-16285-255841 
DUBLIN ,OHIO ,43017 ,FRANKLIN ,L&T TECHNOLOGY SERVICES LIMITED ,I-200-16285-694546 
BURR RIDGE ,ILLINOIS ,60527 ,DUPAGE ,L&T TECHNOLOGY SERVICES LIMITED ,I-200-16285-426275 
TROY ,MICHIGAN ,48098 ,OAKLAND ,L&T TECHNOLOGY SERVICES LIMITED ,I-200-16285-357266 
WAUSAU ,WISCONSIN ,54401 ,MARATHON ,L&T TECHNOLOGY SERVICES LIMITED ,I-200-16281-838581 
WAUSAU ,WISCONSIN ,54401 ,MARATHON ,L&T TECHNOLOGY SERVICES LIMITED ,I-200-16281-007265 
NEWPORT NEWS ,VIRGINIA ,23602 ,NEWPORT NEWS CITY ,L&T TECHNOLOGY SERVICES LIMITED ,I-200-16281-778041 
HOUSTON ,TEXAS ,77032 ,HARRIS ,L&T TECHNOLOGY SERVICES LIMITED ,I-200-16280-275351 
LAS VEGAS ,NEVADA ,89118 ,CLARK ,L&T TECHNOLOGY SERVICES LIMITED ,I-200-16280-371863 
WYOMING ,MINNESOTA ,55092 ,CHISAGO ,L&T TECHNOLOGY SERVICES LIMITED ,I-200-16279-243257 
LAS VEGAS ,NEVADA ,89118 ,CLARKE ,L&T TECHNOLOGY SERVICES LIMITED ,I-200-16279-732240 
IRVINE ,CALIFORNIA ,92618 ,ORANGE ,L&T TECHNOLOGY SERVICES LIMITED ,I-200-16278-006394 
MINNEAPOLIS ,MINNESOTA ,55405 ,HENNEPIN ,L&T TECHNOLOGY SERVICES LIMITED ,I-200-16277-755022 
CRYSTAL LAKE ,ILLINOIS ,60014 ,MCHENRY ,L&T TECHNOLOGY SERVICES LIMITED ,I-200-16277-415315 
NORTH HAVEN ,CONNECTICUT ,06473 ,NEW HAVEN ,L&T TECHNOLOGY SERVICES LIMITED ,I-200-16274-015722 
LOVELAND ,COLORADO ,80538 ,LARIMER ,L&T TECHNOLOGY SERVICES LIMITED ,I-200-16273-295959 
BELLEVUE ,WASHINGTON ,98007 ,KING ,L&T TECHNOLOGY SERVICES LIMITED ,I-200-16273-892623 
SAN DIEGO ,CALIFORNIA ,92121 ,SAN DIEGO ,L&T TECHNOLOGY SERVICES LIMITED ,I-200-16273-834188 
COOPERSBURG ,PENNSYLVANIA ,18036 ,LEHIGH ,L&T TECHNOLOGY SERVICES LIMITED ,I-200-16272-502406 
BRIDGEWATER ,NEW JERSEY ,08807 ,SOMERSET ,L&T TECHNOLOGY SERVICES LIMITED ,I-200-16272-789025 
HOLTSVILLE ,NEW YORK ,11742 ,SUFFOLK ,L&T TECHNOLOGY SERVICES LIMITED ,I-200-16272-401483 
PINEVILLE ,LOUISIANA ,71360 ,RAPIDES PARISH ,L&T TECHNOLOGY SERVICES LIMITED ,I-200-16271-067121 
ORRVILLE ,OHIO ,44667 ,WAYNE ,L&T TECHNOLOGY SERVICES LIMITED ,I-200-16271-068585 
LAFAYETTE ,INDIANA ,47905 ,TIPPECANOE ,L&T TECHNOLOGY SERVICES LIMITED ,I-200-16270-448934 
FARMINGTON ,CONNECTICUT ,06032 ,HARTFORD ,L&T TECHNOLOGY SERVICES LIMITED ,I-200-16270-465436 
PLANO ,TEXAS ,75024 ,COLLIN ,L&T TECHNOLOGY SERVICES LIMITED ,I-200-16270-748977 
CHARLES CITY ,IOWA ,50616 ,FLOYD ,L&T TECHNOLOGY SERVICES LIMITED ,I-200-16270-679751 
DECATUR ,GEORGIA ,30035 ,DEKALB ,L&T TECHNOLOGY SERVICES LIMITED ,I-200-16265-071845 
WYOMING ,MINNESOTA ,55092 ,CHISAGO ,L&T TECHNOLOGY SERVICES LIMITED ,I-200-16265-082900 
ROCKFORD ,ILLINOIS ,61108 ,WINNEBAGO ,L&T TECHNOLOGY SERVICES LIMITED ,I-200-16265-551478 
HOUSTON ,TEXAS ,77032 ,HARRIS ,L&T TECHNOLOGY SERVICES LIMITED ,I-200-16265-345805 
CHICAGO ,ILLINOIS ,60623 ,COOK ,L&T TECHNOLOGY SERVICES LIMITED ,I-200-16265-230020 
STOW ,MASSACHUSETTS ,01775 ,MIDDLESEX ,L&T TECHNOLOGY SERVICES LIMITED ,I-200-16265-023319 
WYOMING ,MINNESOTA ,55092 ,CHISAGO ,L&T TECHNOLOGY SERVICES LIMITED ,I-200-16258-376410 
AUBURN HILLS ,MICHIGAN ,48326 ,OAKLAND ,L&T TECHNOLOGY SERVICES LIMITED ,I-200-16257-341466 
BELLEVUE ,WASHINGTON ,98007 ,KING ,L&T TECHNOLOGY SERVICES LIMITED ,I-200-16256-649129 
NORTH HAVEN ,CONNECTICUT ,06473 ,NEW HAVEN ,L&T TECHNOLOGY SERVICES LIMITED ,I-200-16256-806645 
MILWAUKEE ,WISCONSIN ,53204 ,MILWAUKEE ,L&T TECHNOLOGY SERVICES LIMITED ,I-200-16250-193184 
ROCKFORD ,ILLINOIS ,61108 ,WINNEBAGO ,L&T TECHNOLOGY SERVICES LIMITED ,I-200-16246-818738 
PHOENIX ,ARIZONA ,85040 ,MARICOPA ,L&T TECHNOLOGY SERVICES LIMITED ,I-200-16236-953351 
DECATUR ,GEORGIA ,30035 ,DEKALB ,L&T TECHNOLOGY SERVICES LIMITED ,I-200-16236-731306 
SMITHVILLE ,TENNESSEE ,37166 ,DEKALB ,L&T TECHNOLOGY SERVICES LIMITED ,I-200-16230-109112 
MEQUON ,WISCONSIN ,53092 ,OZAUKEE ,L&T TECHNOLOGY SERVICES LIMITED ,I-200-16224-647921 
PLANO ,TEXAS ,75024 ,COLLIN ,L&T TECHNOLOGY SERVICES LIMITED ,I-200-16218-801901 
ROCKFORD ,ILLINOIS ,61108 ,WINNEBAGO ,L&T TECHNOLOGY SERVICES LIMITED ,I-200-16218-892186 
HOLTSVILLE ,NEW YORK ,11742 ,SUFFOLK ,L&T TECHNOLOGY SERVICES LIMITED ,I-200-16195-994688 
KOKOMO ,INDIANA ,46902 ,HOWARD ,L&T TECHNOLOGY SERVICES LIMITED ,I-200-16195-712197 
IRWINDALE ,CALIFORNIA ,91706 ,LOS ANGELES ,L&T TECHNOLOGY SERVICES LIMITED ,I-200-16194-676360 
ROCKFORD ,ILLINOIS ,61108 ,WINNEBAGO ,L&T TECHNOLOGY SERVICES LIMITED ,I-200-16179-060768 
DAYTON ,OHIO ,45409 ,MONTGOMERY ,L&T TECHNOLOGY SERVICES LIMITED ,I-200-16175-903027 
ROCKFORD ,ILLINOIS ,61108 ,WINNEBAGO ,L&T TECHNOLOGY SERVICES LIMITED ,I-200-16174-361410 
HOUSTON ,TEXAS ,77067 ,HARRIS ,L&T TECHNOLOGY SERVICES LIMITED ,I-200-16110-253779 
MASON ,OHIO ,45040 ,WARREN ,L&T TECHNOLOGY SERVICES LIMITED ,I-200-16110-740372 
CHELMSFORD ,MASSACHUSETTS ,01824 ,MIDDLESEX ,L&T TECHNOLOGY SERVICES LIMITED ,I-200-16109-746157 
ROCKFORD ,ILLINOIS ,61108 ,WINNEBAGO ,L&T TECHNOLOGY SERVICES LIMITED ,I-200-16105-699347 
DENISON ,TEXAS ,75020 ,GRAYSON ,L&T TECHNOLOGY SERVICES LIMITED ,I-200-16104-633122 
HUNTINGTON ,INDIANA ,46750 ,HUNTINGTON ,L AND T TECHNOLOGY SERVICES LIMITED ,I-200-16097-466486 
ROCKFORD ,ILLINOIS ,61108 ,WINNEBAGO ,L&T TECHNOLOGY SERVICES LIMITED ,I-200-16095-481699 
HOUSTON ,TEXAS ,77032 ,HARRIS ,L AND T TECHNOLOGY SERVICES LIMITED ,I-200-16095-901268 
DALLAS ,TEXAS ,75206 ,DALLAS ,NEW YORK LIFE INSURANCE COMPANY ,I-200-16294-187686 
NEW YORK ,NEW YORK ,10010 ,NEW YORK ,NEW YORK LIFE INSURANCE COMPANY ,I-200-16288-872023 
NEW YORK ,NEW YORK ,10010 ,NEW YORK ,NEW YORK LIFE INSURANCE COMPANY ,I-200-16277-027880 
NEW YORK ,NEW YORK ,10010 ,NEW YORK ,NEW YORK LIFE INSURANCE COMPANY ,I-200-16279-583018 
NEW YORK ,NEW YORK ,10010 ,NEW YORK ,NEW YORK LIFE INSURANCE COMPANY ,I-200-16265-038749 
NEW YORK ,NEW YORK ,10010 ,NEW YORK ,NEW YORK LIFE INSURANCE COMPANY ,I-200-16270-504061 
JERSEY CITY ,NEW JERSEY ,07302 ,HUDSON ,NEW YORK LIFE INSURANCE COMPANY ,I-200-16267-252810 
NEW YORK ,NEW YORK ,10010 ,NEW YORK ,NEW YORK LIFE INSURANCE COMPANY ,I-200-16260-643326 
TAMPA ,FLORIDA ,33607 ,HILLSBOROUGH ,NEW YORK LIFE INSURANCE COMPANY ,I-200-16260-097251 
NEW YORK ,NEW YORK ,10010 ,NEW YORK ,NEW YORK LIFE INSURANCE COMPANY ,I-200-16216-514674 
PLANO ,TEXAS ,75024 ,COLLIN COUNTY ,GEONINE INC. ,I-200-16336-362276 
PLANO ,TEXAS ,75024 ,COLLIN COUNTY ,GEONINE INC. ,I-200-16335-336832 
PLANO ,TEXAS ,75024 ,COLLIN COUNTY ,GEONINE INC. ,I-200-16335-742556 
PLANO ,TEXAS ,75024 ,COLLIN COUNTY ,GEONINE INC. ,I-200-16323-844202 
PHOENIX ,ARIZONA ,85054 ,MARICOPA COUNTY ,GEONINE INC ,I-200-16278-017568 
SHOREVIEW ,MINNESOTA ,55126 ,RAMSEY COUNTY ,GEONINE INC. ,I-200-16265-051546 
JERSEY CITY ,NEW JERSEY ,07302 ,HUDSON ,TENDER TOUCH REHAB SERVICES LLC ,I-200-16301-673488 
NEEDHAM ,MASSACHUSETTS ,02492 ,NORFOLK ,TENDER TOUCH REHAB SERVICES LLC ,I-200-16301-901745 
CAMDEN ,NEW JERSEY ,08102 ,CAMDEN ,TENDER TOUCH REHAB SERVICES LLC ,I-200-16294-399353 
BUTLER ,PENNSYLVANIA ,16001 ,BUTLER ,TENDER TOUCH REHAB SERVICES LLC ,I-200-16295-699948 
NEEDHAN ,MASSACHUSETTS ,02492 ,NORFOLK ,TENDER TOUCH REHAB SERVICES LLC ,I-200-16287-998331 
FOREST HILLS ,NEW YORK ,11375 ,QUEENS ,TENDER TOUCH REHAB SERVICES LLC ,I-200-16285-766992 
SOUTH PLAINFIELD ,NEW JERSEY ,07080 ,MIDDLESEX ,TENDER TOUCH REHAB SERVICES LLC ,I-200-16278-407788 
BERKELEY HEIGHTS ,NEW JERSEY ,07922 ,UNION ,TENDER TOUCH REHAB SERVICES LLC ,I-200-16257-946680 
WEST ORANGE ,NEW JERSEY ,07052 ,ESSEX ,TENDER TOUCH REHAB SERVICES LLC ,I-200-16237-077537 
SOUTH PLAINFIELD ,NEW JERSEY ,07080 ,MIDDLESEX ,TENDER TOUCH REHAB SERVICES LLC ,I-200-16062-438576 
WEST ORANGE ,NEW JERSEY ,07052 ,ESSEX ,TENDER TOUCH REHAB SERVICES LLC ,I-200-16230-357645 
DOWNINGTON ,PENNSYLVANIA ,19335 ,CHESTER ,TENDER TOUCH REHAB SERVICES LLC ,I-200-16147-321012 
PERTH AMBOY ,NEW JERSEY ,08861 ,MIDDLESEX ,TENDER TOUCH REHAB SERVICES LLC ,I-200-16111-234272 
MEDFORD ,NEW JERSEY ,08055 ,BURLINGTON ,TENDER TOUCH REHAB SERVICES LLC ,I-200-16097-842999 
CHICAGO ,ILLINOIS ,60606 ,COOK ,"SAGGEZZA, INC. ",I-200-16340-210753 
CHICAGO ,ILLINOIS ,60606 ,COOK ,"SAGGEZZA, INC. ",I-200-16333-233762 
SANTA CLARA ,CALIFORNIA ,95054 ,SANTA CLARA ,"SAGGEZZA, INC. ",I-200-16265-062685 
SAN ANTONIO ,TEXAS ,78251 ,BEXAR ,EXIMIUS SYSTEMS INC. ,I-200-16265-065443 
BALTIMORE ,MARYLAND ,21202 ,BALTIMORE ,"T. ROWE PRICE ASSOCIATES, INC. ",I-200-16348-085045 
OWINGS MILLS ,MARYLAND ,21117 ,BALTIMORE ,"T. ROWE PRICE ASSOCIATES, INC. ",I-200-16286-876684 
OWINGS MILLS ,MARYLAND ,21117 ,BALTIMORE ,"T. ROWE PRICE ASSOCIATES, INC. ",I-200-16274-535959 
OWINGS MILLS ,MARYLAND ,21117 ,BALTIMORE ,"T. ROWE PRICE ASSOCIATES, INC. ",I-200-16265-068271 
OWINGS MILLS ,MARYLAND ,21117 ,BALTIMORE ,"T. ROWE PRICE ASSOCIATES, INC. ",I-200-16261-424375 
BALTIMORE ,MARYLAND ,21202 ,BALTIMORE ,"T. ROWE PRICE ASSOCIATES, INC. ",I-200-16147-001096 
SAN FRANCISCO ,CALIFORNIA ,94105 ,SAN FRANCISCO ,BLUE SHIELD OF CALIFORNIA ,I-200-16348-501147 
SAN FRANCISCO ,CALIFORNIA ,94105 ,SAN FRANCISCO ,BLUE SHIELD OF CALIFORNIA ,I-200-16347-322733 
SAN FRANCISCO ,CALIFORNIA ,94105 ,SAN FRANCISCO ,BLUE SHIELD OF CALIFORNIA ,I-200-16334-719106 
SAN FRANCISCO ,CALIFORNIA ,94105 ,SAN FRANCISCO ,BLUE SHIELD OF CALIFORNIA ,I-200-16334-275631 
SAN FRANCISCO ,CALIFORNIA ,94105 ,SAN FRANCISCO ,BLUE SHIELD OF CALIFORNIA ,I-200-16333-469711 
SAN FRANCISCO ,CALIFORNIA ,94105 ,SAN FRANCISCO ,BLUE SHIELD OF CALIFORNIA ,I-200-16319-917700 
SAN FRANCISCO ,CALIFORNIA ,94105 ,SAN FRANCISCO ,BLUE SHIELD OF CALIFORNIA ,I-200-16315-348774 
SAN FRANCISCO ,CALIFORNIA ,94105 ,SAN FRANCISCO ,BLUE SHIELD OF CALIFORNIA ,I-200-16315-303439 
EL DORADO HILLS ,CALIFORNIA ,95762 ,EL DORADO ,BLUE SHIELD OF CALIFORNIA ,I-200-16305-970980 
EL DORADO HILLS ,CALIFORNIA ,95762 ,EL DORADO ,BLUE SHIELD OF CALIFORNIA ,I-200-16305-783252 
SAN FRANCISCO ,CALIFORNIA ,94105 ,SAN FRANCISCO ,BLUE SHIELD OF CALIFORNIA ,I-200-16288-085591 
SAN FRANCISCO ,CALIFORNIA ,94105 ,SAN FRANCISCO ,BLUE SHIELD OF CALIFORNIA ,I-200-16286-862150 
SAN FRANCISCO ,CALIFORNIA ,94105 ,SAN FRANCISCO ,BLUE SHIELD OF CALIFORNIA ,I-200-16285-927094 
SAN FRANCISCO ,CALIFORNIA ,94105 ,SAN FRANCISCO ,BLUE SHIELD OF CALIFORNIA ,I-200-16280-987550 
SAN FRANCISCO ,CALIFORNIA ,94105 ,SAN FRANCISCO ,BLUE SHIELD OF CALIFORNIA ,I-200-16278-387732 
EL DORADO HILLS ,CALIFORNIA ,95762 ,EL DORADO ,BLUE SHIELD OF CALIFORNIA ,I-200-16272-510064 
SAN FRANCISCO ,CALIFORNIA ,94105 ,SAN FRANCISCO ,BLUE SHIELD OF CALIFORNIA ,I-200-16130-941463 
