MSN,YYYYMM,Value,Column_Order,Description,Unit
CLGVBUS,197513,77.9,"1","U.S. Government Coal Consumption","Trillion Btu"
CLGVBUS,197613,71.3,"1","U.S. Government Coal Consumption","Trillion Btu"
CLGVBUS,197713,68.4,"1","U.S. Government Coal Consumption","Trillion Btu"
CLGVBUS,197813,66,"1","U.S. Government Coal Consumption","Trillion Btu"
CLGVBUS,197913,65.1,"1","U.S. Government Coal Consumption","Trillion Btu"
CLGVBUS,198013,63.5,"1","U.S. Government Coal Consumption","Trillion Btu"
CLGVBUS,198113,65.1,"1","U.S. Government Coal Consumption","Trillion Btu"
CLGVBUS,198213,68.6,"1","U.S. Government Coal Consumption","Trillion Btu"
CLGVBUS,198313,62.4,"1","U.S. Government Coal Consumption","Trillion Btu"
CLGVBUS,198413,65.3,"1","U.S. Government Coal Consumption","Trillion Btu"
CLGVBUS,198513,64.8,"1","U.S. Government Coal Consumption","Trillion Btu"
CLGVBUS,198613,63.8,"1","U.S. Government Coal Consumption","Trillion Btu"
CLGVBUS,198713,67,"1","U.S. Government Coal Consumption","Trillion Btu"
CLGVBUS,198813,60.2,"1","U.S. Government Coal Consumption","Trillion Btu"
CLGVBUS,198913,48.7,"1","U.S. Government Coal Consumption","Trillion Btu"
CLGVBUS,199013,44.3,"1","U.S. Government Coal Consumption","Trillion Btu"
CLGVBUS,199113,45.9,"1","U.S. Government Coal Consumption","Trillion Btu"
CLGVBUS,199213,51.7,"1","U.S. Government Coal Consumption","Trillion Btu"
CLGVBUS,199313,38.3,"1","U.S. Government Coal Consumption","Trillion Btu"
CLGVBUS,199413,35,"1","U.S. Government Coal Consumption","Trillion Btu"
CLGVBUS,199513,31.7,"1","U.S. Government Coal Consumption","Trillion Btu"
CLGVBUS,199613,23.3,"1","U.S. Government Coal Consumption","Trillion Btu"
CLGVBUS,199713,22.5,"1","U.S. Government Coal Consumption","Trillion Btu"
CLGVBUS,199813,23.9,"1","U.S. Government Coal Consumption","Trillion Btu"
CLGVBUS,199913,21.2,"1","U.S. Government Coal Consumption","Trillion Btu"
CLGVBUS,200013,22.7,"1","U.S. Government Coal Consumption","Trillion Btu"
CLGVBUS,200113,18.8,"1","U.S. Government Coal Consumption","Trillion Btu"
CLGVBUS,200213,16.9,"1","U.S. Government Coal Consumption","Trillion Btu"
CLGVBUS,200313,18.1,"1","U.S. Government Coal Consumption","Trillion Btu"
CLGVBUS,200413,17.4,"1","U.S. Government Coal Consumption","Trillion Btu"
CLGVBUS,200513,17.1,"1","U.S. Government Coal Consumption","Trillion Btu"
CLGVBUS,200613,23.5,"1","U.S. Government Coal Consumption","Trillion Btu"
CLGVBUS,200713,20.4,"1","U.S. Government Coal Consumption","Trillion Btu"
CLGVBUS,200813,20.8,"1","U.S. Government Coal Consumption","Trillion Btu"
CLGVBUS,200913,20.3,"1","U.S. Government Coal Consumption","Trillion Btu"
CLGVBUS,201013,20,"1","U.S. Government Coal Consumption","Trillion Btu"
CLGVBUS,201113,18.5,"1","U.S. Government Coal Consumption","Trillion Btu"
CLGVBUS,201213,15.9,"1","U.S. Government Coal Consumption","Trillion Btu"
CLGVBUS,201313,14.3,"1","U.S. Government Coal Consumption","Trillion Btu"
CLGVBUS,201413,13.5,"1","U.S. Government Coal Consumption","Trillion Btu"
CLGVBUS,201513,12.6,"1","U.S. Government Coal Consumption","Trillion Btu"
NGGVBUS,197513,166.2,"2","U.S. Government Natural Gas Consumption","Trillion Btu"
NGGVBUS,197613,151.8,"2","U.S. Government Natural Gas Consumption","Trillion Btu"
NGGVBUS,197713,141.2,"2","U.S. Government Natural Gas Consumption","Trillion Btu"
NGGVBUS,197813,144.7,"2","U.S. Government Natural Gas Consumption","Trillion Btu"
NGGVBUS,197913,148.9,"2","U.S. Government Natural Gas Consumption","Trillion Btu"
NGGVBUS,198013,147.3,"2","U.S. Government Natural Gas Consumption","Trillion Btu"
NGGVBUS,198113,142.2,"2","U.S. Government Natural Gas Consumption","Trillion Btu"
NGGVBUS,198213,146.2,"2","U.S. Government Natural Gas Consumption","Trillion Btu"
NGGVBUS,198313,147.8,"2","U.S. Government Natural Gas Consumption","Trillion Btu"
NGGVBUS,198413,157.4,"2","U.S. Government Natural Gas Consumption","Trillion Btu"
NGGVBUS,198513,149.9,"2","U.S. Government Natural Gas Consumption","Trillion Btu"
NGGVBUS,198613,140.9,"2","U.S. Government Natural Gas Consumption","Trillion Btu"
NGGVBUS,198713,145.6,"2","U.S. Government Natural Gas Consumption","Trillion Btu"
NGGVBUS,198813,144.6,"2","U.S. Government Natural Gas Consumption","Trillion Btu"
NGGVBUS,198913,152.4,"2","U.S. Government Natural Gas Consumption","Trillion Btu"
NGGVBUS,199013,159.4,"2","U.S. Government Natural Gas Consumption","Trillion Btu"
NGGVBUS,199113,154.1,"2","U.S. Government Natural Gas Consumption","Trillion Btu"
NGGVBUS,199213,151.2,"2","U.S. Government Natural Gas Consumption","Trillion Btu"
NGGVBUS,199313,152.9,"2","U.S. Government Natural Gas Consumption","Trillion Btu"
NGGVBUS,199413,143.9,"2","U.S. Government Natural Gas Consumption","Trillion Btu"
NGGVBUS,199513,149.4,"2","U.S. Government Natural Gas Consumption","Trillion Btu"
NGGVBUS,199613,147.3,"2","U.S. Government Natural Gas Consumption","Trillion Btu"
NGGVBUS,199713,153.8,"2","U.S. Government Natural Gas Consumption","Trillion Btu"
NGGVBUS,199813,140.4,"2","U.S. Government Natural Gas Consumption","Trillion Btu"
NGGVBUS,199913,137.4,"2","U.S. Government Natural Gas Consumption","Trillion Btu"
NGGVBUS,200013,133.8,"2","U.S. Government Natural Gas Consumption","Trillion Btu"
NGGVBUS,200113,133.7,"2","U.S. Government Natural Gas Consumption","Trillion Btu"
NGGVBUS,200213,133.7,"2","U.S. Government Natural Gas Consumption","Trillion Btu"
NGGVBUS,200313,135.5,"2","U.S. Government Natural Gas Consumption","Trillion Btu"
NGGVBUS,200413,135.3,"2","U.S. Government Natural Gas Consumption","Trillion Btu"
NGGVBUS,200513,135.7,"2","U.S. Government Natural Gas Consumption","Trillion Btu"
NGGVBUS,200613,132.6,"2","U.S. Government Natural Gas Consumption","Trillion Btu"
NGGVBUS,200713,131.5,"2","U.S. Government Natural Gas Consumption","Trillion Btu"
NGGVBUS,200813,129.4,"2","U.S. Government Natural Gas Consumption","Trillion Btu"
NGGVBUS,200913,131.7,"2","U.S. Government Natural Gas Consumption","Trillion Btu"
NGGVBUS,201013,130.1,"2","U.S. Government Natural Gas Consumption","Trillion Btu"
NGGVBUS,201113,124.7,"2","U.S. Government Natural Gas Consumption","Trillion Btu"
NGGVBUS,201213,116.2,"2","U.S. Government Natural Gas Consumption","Trillion Btu"
NGGVBUS,201313,122.5,"2","U.S. Government Natural Gas Consumption","Trillion Btu"
NGGVBUS,201413,125.6,"2","U.S. Government Natural Gas Consumption","Trillion Btu"
NGGVBUS,201513,123.3,"2","U.S. Government Natural Gas Consumption","Trillion Btu"
AVGVBUS,197513,22,"3","U.S. Government Aviation Gasoline Consumption","Trillion Btu"
AVGVBUS,197613,11.6,"3","U.S. Government Aviation Gasoline Consumption","Trillion Btu"
AVGVBUS,197713,8.8,"3","U.S. Government Aviation Gasoline Consumption","Trillion Btu"
AVGVBUS,197813,6.2,"3","U.S. Government Aviation Gasoline Consumption","Trillion Btu"
AVGVBUS,197913,4.7,"3","U.S. Government Aviation Gasoline Consumption","Trillion Btu"
AVGVBUS,198013,4.9,"3","U.S. Government Aviation Gasoline Consumption","Trillion Btu"
AVGVBUS,198113,4.6,"3","U.S. Government Aviation Gasoline Consumption","Trillion Btu"
AVGVBUS,198213,3.6,"3","U.S. Government Aviation Gasoline Consumption","Trillion Btu"
AVGVBUS,198313,2.6,"3","U.S. Government Aviation Gasoline Consumption","Trillion Btu"
AVGVBUS,198413,1.9,"3","U.S. Government Aviation Gasoline Consumption","Trillion Btu"
AVGVBUS,198513,1.9,"3","U.S. Government Aviation Gasoline Consumption","Trillion Btu"
AVGVBUS,198613,1.4,"3","U.S. Government Aviation Gasoline Consumption","Trillion Btu"
AVGVBUS,198713,1,"3","U.S. Government Aviation Gasoline Consumption","Trillion Btu"
AVGVBUS,198813,6,"3","U.S. Government Aviation Gasoline Consumption","Trillion Btu"
AVGVBUS,198913,.8,"3","U.S. Government Aviation Gasoline Consumption","Trillion Btu"
AVGVBUS,199013,.5,"3","U.S. Government Aviation Gasoline Consumption","Trillion Btu"
AVGVBUS,199113,.4,"3","U.S. Government Aviation Gasoline Consumption","Trillion Btu"
AVGVBUS,199213,1,"3","U.S. Government Aviation Gasoline Consumption","Trillion Btu"
AVGVBUS,199313,.7,"3","U.S. Government Aviation Gasoline Consumption","Trillion Btu"
AVGVBUS,199413,.6,"3","U.S. Government Aviation Gasoline Consumption","Trillion Btu"
AVGVBUS,199513,.3,"3","U.S. Government Aviation Gasoline Consumption","Trillion Btu"
AVGVBUS,199613,.2,"3","U.S. Government Aviation Gasoline Consumption","Trillion Btu"
AVGVBUS,199713,.3,"3","U.S. Government Aviation Gasoline Consumption","Trillion Btu"
AVGVBUS,199813,.2,"3","U.S. Government Aviation Gasoline Consumption","Trillion Btu"
AVGVBUS,199913,.1,"3","U.S. Government Aviation Gasoline Consumption","Trillion Btu"
AVGVBUS,200013,.2,"3","U.S. Government Aviation Gasoline Consumption","Trillion Btu"
AVGVBUS,200113,.2,"3","U.S. Government Aviation Gasoline Consumption","Trillion Btu"
AVGVBUS,200213,.2,"3","U.S. Government Aviation Gasoline Consumption","Trillion Btu"
AVGVBUS,200313,.3,"3","U.S. Government Aviation Gasoline Consumption","Trillion Btu"
AVGVBUS,200413,.2,"3","U.S. Government Aviation Gasoline Consumption","Trillion Btu"
AVGVBUS,200513,.4,"3","U.S. Government Aviation Gasoline Consumption","Trillion Btu"
AVGVBUS,200613,.6,"3","U.S. Government Aviation Gasoline Consumption","Trillion Btu"
AVGVBUS,200713,.4,"3","U.S. Government Aviation Gasoline Consumption","Trillion Btu"
AVGVBUS,200813,.4,"3","U.S. Government Aviation Gasoline Consumption","Trillion Btu"
AVGVBUS,200913,.3,"3","U.S. Government Aviation Gasoline Consumption","Trillion Btu"
AVGVBUS,201013,.4,"3","U.S. Government Aviation Gasoline Consumption","Trillion Btu"
AVGVBUS,201113,.9,"3","U.S. Government Aviation Gasoline Consumption","Trillion Btu"
AVGVBUS,201213,.4,"3","U.S. Government Aviation Gasoline Consumption","Trillion Btu"
AVGVBUS,201313,.7,"3","U.S. Government Aviation Gasoline Consumption","Trillion Btu"
AVGVBUS,201413,.3,"3","U.S. Government Aviation Gasoline Consumption","Trillion Btu"
AVGVBUS,201513,.3,"3","U.S. Government Aviation Gasoline Consumption","Trillion Btu"
DRGVBUS,197513,376,"4","U.S. Government Fuel Oil Consumption","Trillion Btu"
DRGVBUS,197613,329.7,"4","U.S. Government Fuel Oil Consumption","Trillion Btu"
DRGVBUS,197713,348.5,"4","U.S. Government Fuel Oil Consumption","Trillion Btu"
DRGVBUS,197813,332.3,"4","U.S. Government Fuel Oil Consumption","Trillion Btu"
DRGVBUS,197913,327.1,"4","U.S. Government Fuel Oil Consumption","Trillion Btu"
DRGVBUS,198013,307.7,"4","U.S. Government Fuel Oil Consumption","Trillion Btu"
DRGVBUS,198113,351.3,"4","U.S. Government Fuel Oil Consumption","Trillion Btu"
DRGVBUS,198213,349.4,"4","U.S. Government Fuel Oil Consumption","Trillion Btu"
DRGVBUS,198313,329.5,"4","U.S. Government Fuel Oil Consumption","Trillion Btu"
DRGVBUS,198413,342.9,"4","U.S. Government Fuel Oil Consumption","Trillion Btu"
DRGVBUS,198513,292.6,"4","U.S. Government Fuel Oil Consumption","Trillion Btu"
DRGVBUS,198613,271.6,"4","U.S. Government Fuel Oil Consumption","Trillion Btu"
DRGVBUS,198713,319.5,"4","U.S. Government Fuel Oil Consumption","Trillion Btu"
DRGVBUS,198813,284.8,"4","U.S. Government Fuel Oil Consumption","Trillion Btu"
DRGVBUS,198913,245.3,"4","U.S. Government Fuel Oil Consumption","Trillion Btu"
DRGVBUS,199013,245.2,"4","U.S. Government Fuel Oil Consumption","Trillion Btu"
DRGVBUS,199113,232.6,"4","U.S. Government Fuel Oil Consumption","Trillion Btu"
DRGVBUS,199213,200.6,"4","U.S. Government Fuel Oil Consumption","Trillion Btu"
DRGVBUS,199313,187,"4","U.S. Government Fuel Oil Consumption","Trillion Btu"
DRGVBUS,199413,198.5,"4","U.S. Government Fuel Oil Consumption","Trillion Btu"
DRGVBUS,199513,178.4,"4","U.S. Government Fuel Oil Consumption","Trillion Btu"
DRGVBUS,199613,170.5,"4","U.S. Government Fuel Oil Consumption","Trillion Btu"
DRGVBUS,199713,180,"4","U.S. Government Fuel Oil Consumption","Trillion Btu"
DRGVBUS,199813,174.5,"4","U.S. Government Fuel Oil Consumption","Trillion Btu"
DRGVBUS,199913,162.1,"4","U.S. Government Fuel Oil Consumption","Trillion Btu"
DRGVBUS,200013,171.3,"4","U.S. Government Fuel Oil Consumption","Trillion Btu"
DRGVBUS,200113,176.9,"4","U.S. Government Fuel Oil Consumption","Trillion Btu"
DRGVBUS,200213,165.6,"4","U.S. Government Fuel Oil Consumption","Trillion Btu"
DRGVBUS,200313,190.8,"4","U.S. Government Fuel Oil Consumption","Trillion Btu"
DRGVBUS,200413,261.4,"4","U.S. Government Fuel Oil Consumption","Trillion Btu"
DRGVBUS,200513,241.4,"4","U.S. Government Fuel Oil Consumption","Trillion Btu"
DRGVBUS,200613,209.3,"4","U.S. Government Fuel Oil Consumption","Trillion Btu"
DRGVBUS,200713,212.9,"4","U.S. Government Fuel Oil Consumption","Trillion Btu"
DRGVBUS,200813,198.4,"4","U.S. Government Fuel Oil Consumption","Trillion Btu"
DRGVBUS,200913,166.4,"4","U.S. Government Fuel Oil Consumption","Trillion Btu"
DRGVBUS,201013,157.8,"4","U.S. Government Fuel Oil Consumption","Trillion Btu"
DRGVBUS,201113,166.5,"4","U.S. Government Fuel Oil Consumption","Trillion Btu"
DRGVBUS,201213,148.6,"4","U.S. Government Fuel Oil Consumption","Trillion Btu"
DRGVBUS,201313,140,"4","U.S. Government Fuel Oil Consumption","Trillion Btu"
DRGVBUS,201413,133.5,"4","U.S. Government Fuel Oil Consumption","Trillion Btu"
DRGVBUS,201513,134.3,"4","U.S. Government Fuel Oil Consumption","Trillion Btu"
JFGVBUS,197513,707.4,"5","U.S. Government Jet Fuel Consumption","Trillion Btu"
JFGVBUS,197613,610,"5","U.S. Government Jet Fuel Consumption","Trillion Btu"
JFGVBUS,197713,619.2,"5","U.S. Government Jet Fuel Consumption","Trillion Btu"
JFGVBUS,197813,601.1,"5","U.S. Government Jet Fuel Consumption","Trillion Btu"
JFGVBUS,197913,618.6,"5","U.S. Government Jet Fuel Consumption","Trillion Btu"
JFGVBUS,198013,638.7,"5","U.S. Government Jet Fuel Consumption","Trillion Btu"
JFGVBUS,198113,653.3,"5","U.S. Government Jet Fuel Consumption","Trillion Btu"
JFGVBUS,198213,672.7,"5","U.S. Government Jet Fuel Consumption","Trillion Btu"
JFGVBUS,198313,673.4,"5","U.S. Government Jet Fuel Consumption","Trillion Btu"
JFGVBUS,198413,693.7,"5","U.S. Government Jet Fuel Consumption","Trillion Btu"
JFGVBUS,198513,705.7,"5","U.S. Government Jet Fuel Consumption","Trillion Btu"
JFGVBUS,198613,710.2,"5","U.S. Government Jet Fuel Consumption","Trillion Btu"
JFGVBUS,198713,702.3,"5","U.S. Government Jet Fuel Consumption","Trillion Btu"
JFGVBUS,198813,617.2,"5","U.S. Government Jet Fuel Consumption","Trillion Btu"
JFGVBUS,198913,761.7,"5","U.S. Government Jet Fuel Consumption","Trillion Btu"
JFGVBUS,199013,732.4,"5","U.S. Government Jet Fuel Consumption","Trillion Btu"
JFGVBUS,199113,774.5,"5","U.S. Government Jet Fuel Consumption","Trillion Btu"
JFGVBUS,199213,628.2,"5","U.S. Government Jet Fuel Consumption","Trillion Btu"
JFGVBUS,199313,612.4,"5","U.S. Government Jet Fuel Consumption","Trillion Btu"
JFGVBUS,199413,550.7,"5","U.S. Government Jet Fuel Consumption","Trillion Btu"
JFGVBUS,199513,522.3,"5","U.S. Government Jet Fuel Consumption","Trillion Btu"
JFGVBUS,199613,513,"5","U.S. Government Jet Fuel Consumption","Trillion Btu"
JFGVBUS,199713,475.7,"5","U.S. Government Jet Fuel Consumption","Trillion Btu"
JFGVBUS,199813,445.5,"5","U.S. Government Jet Fuel Consumption","Trillion Btu"
JFGVBUS,199913,444.7,"5","U.S. Government Jet Fuel Consumption","Trillion Btu"
JFGVBUS,200013,403.1,"5","U.S. Government Jet Fuel Consumption","Trillion Btu"
JFGVBUS,200113,415.2,"5","U.S. Government Jet Fuel Consumption","Trillion Btu"
JFGVBUS,200213,472.9,"5","U.S. Government Jet Fuel Consumption","Trillion Btu"
JFGVBUS,200313,517.9,"5","U.S. Government Jet Fuel Consumption","Trillion Btu"
JFGVBUS,200413,508.2,"5","U.S. Government Jet Fuel Consumption","Trillion Btu"
JFGVBUS,200513,492.2,"5","U.S. Government Jet Fuel Consumption","Trillion Btu"
JFGVBUS,200613,442.6,"5","U.S. Government Jet Fuel Consumption","Trillion Btu"
JFGVBUS,200713,461.1,"5","U.S. Government Jet Fuel Consumption","Trillion Btu"
JFGVBUS,200813,524.3,"5","U.S. Government Jet Fuel Consumption","Trillion Btu"
JFGVBUS,200913,505.7,"5","U.S. Government Jet Fuel Consumption","Trillion Btu"
JFGVBUS,201013,535.8,"5","U.S. Government Jet Fuel Consumption","Trillion Btu"
JFGVBUS,201113,533.6,"5","U.S. Government Jet Fuel Consumption","Trillion Btu"
JFGVBUS,201213,493.5,"5","U.S. Government Jet Fuel Consumption","Trillion Btu"
JFGVBUS,201313,424,"5","U.S. Government Jet Fuel Consumption","Trillion Btu"
JFGVBUS,201413,414.3,"5","U.S. Government Jet Fuel Consumption","Trillion Btu"
JFGVBUS,201513,418.9,"5","U.S. Government Jet Fuel Consumption","Trillion Btu"
LGGVBUS,197513,5.6,"6","U.S. Government Liquefied Petroleum Gases Consumption","Trillion Btu"
LGGVBUS,197613,4.7,"6","U.S. Government Liquefied Petroleum Gases Consumption","Trillion Btu"
LGGVBUS,197713,4.1,"6","U.S. Government Liquefied Petroleum Gases Consumption","Trillion Btu"
LGGVBUS,197813,3,"6","U.S. Government Liquefied Petroleum Gases Consumption","Trillion Btu"
LGGVBUS,197913,3.7,"6","U.S. Government Liquefied Petroleum Gases Consumption","Trillion Btu"
LGGVBUS,198013,3.8,"6","U.S. Government Liquefied Petroleum Gases Consumption","Trillion Btu"
LGGVBUS,198113,3.5,"6","U.S. Government Liquefied Petroleum Gases Consumption","Trillion Btu"
LGGVBUS,198213,3.7,"6","U.S. Government Liquefied Petroleum Gases Consumption","Trillion Btu"
LGGVBUS,198313,3.8,"6","U.S. Government Liquefied Petroleum Gases Consumption","Trillion Btu"
LGGVBUS,198413,3.9,"6","U.S. Government Liquefied Petroleum Gases Consumption","Trillion Btu"
LGGVBUS,198513,3.8,"6","U.S. Government Liquefied Petroleum Gases Consumption","Trillion Btu"
LGGVBUS,198613,3.6,"6","U.S. Government Liquefied Petroleum Gases Consumption","Trillion Btu"
LGGVBUS,198713,3.6,"6","U.S. Government Liquefied Petroleum Gases Consumption","Trillion Btu"
LGGVBUS,198813,2.7,"6","U.S. Government Liquefied Petroleum Gases Consumption","Trillion Btu"
LGGVBUS,198913,3.5,"6","U.S. Government Liquefied Petroleum Gases Consumption","Trillion Btu"
LGGVBUS,199013,3.8,"6","U.S. Government Liquefied Petroleum Gases Consumption","Trillion Btu"
LGGVBUS,199113,3,"6","U.S. Government Liquefied Petroleum Gases Consumption","Trillion Btu"
LGGVBUS,199213,3,"6","U.S. Government Liquefied Petroleum Gases Consumption","Trillion Btu"
LGGVBUS,199313,3.5,"6","U.S. Government Liquefied Petroleum Gases Consumption","Trillion Btu"
LGGVBUS,199413,3.2,"6","U.S. Government Liquefied Petroleum Gases Consumption","Trillion Btu"
LGGVBUS,199513,3,"6","U.S. Government Liquefied Petroleum Gases Consumption","Trillion Btu"
LGGVBUS,199613,3.1,"6","U.S. Government Liquefied Petroleum Gases Consumption","Trillion Btu"
LGGVBUS,199713,2.6,"6","U.S. Government Liquefied Petroleum Gases Consumption","Trillion Btu"
LGGVBUS,199813,3.5,"6","U.S. Government Liquefied Petroleum Gases Consumption","Trillion Btu"
LGGVBUS,199913,2.4,"6","U.S. Government Liquefied Petroleum Gases Consumption","Trillion Btu"
LGGVBUS,200013,2.5,"6","U.S. Government Liquefied Petroleum Gases Consumption","Trillion Btu"
LGGVBUS,200113,3.1,"6","U.S. Government Liquefied Petroleum Gases Consumption","Trillion Btu"
LGGVBUS,200213,2.8,"6","U.S. Government Liquefied Petroleum Gases Consumption","Trillion Btu"
LGGVBUS,200313,3.2,"6","U.S. Government Liquefied Petroleum Gases Consumption","Trillion Btu"
LGGVBUS,200413,2.9,"6","U.S. Government Liquefied Petroleum Gases Consumption","Trillion Btu"
LGGVBUS,200513,3.4,"6","U.S. Government Liquefied Petroleum Gases Consumption","Trillion Btu"
LGGVBUS,200613,2.7,"6","U.S. Government Liquefied Petroleum Gases Consumption","Trillion Btu"
LGGVBUS,200713,2.7,"6","U.S. Government Liquefied Petroleum Gases Consumption","Trillion Btu"
LGGVBUS,200813,2.3,"6","U.S. Government Liquefied Petroleum Gases Consumption","Trillion Btu"
LGGVBUS,200913,3.2,"6","U.S. Government Liquefied Petroleum Gases Consumption","Trillion Btu"
LGGVBUS,201013,2.5,"6","U.S. Government Liquefied Petroleum Gases Consumption","Trillion Btu"
LGGVBUS,201113,2,"6","U.S. Government Liquefied Petroleum Gases Consumption","Trillion Btu"
LGGVBUS,201213,1.7,"6","U.S. Government Liquefied Petroleum Gases Consumption","Trillion Btu"
LGGVBUS,201313,1.9,"6","U.S. Government Liquefied Petroleum Gases Consumption","Trillion Btu"
LGGVBUS,201413,1.8,"6","U.S. Government Liquefied Petroleum Gases Consumption","Trillion Btu"
LGGVBUS,201513,1.8,"6","U.S. Government Liquefied Petroleum Gases Consumption","Trillion Btu"
MGGVBUS,197513,63.2,"7","U.S. Government Motor Gasoline Consumption","Trillion Btu"
MGGVBUS,197613,60.4,"7","U.S. Government Motor Gasoline Consumption","Trillion Btu"
MGGVBUS,197713,61.4,"7","U.S. Government Motor Gasoline Consumption","Trillion Btu"
MGGVBUS,197813,60.1,"7","U.S. Government Motor Gasoline Consumption","Trillion Btu"
MGGVBUS,197913,59.1,"7","U.S. Government Motor Gasoline Consumption","Trillion Btu"
MGGVBUS,198013,56.5,"7","U.S. Government Motor Gasoline Consumption","Trillion Btu"
MGGVBUS,198113,53.2,"7","U.S. Government Motor Gasoline Consumption","Trillion Btu"
MGGVBUS,198213,53.1,"7","U.S. Government Motor Gasoline Consumption","Trillion Btu"
MGGVBUS,198313,51.6,"7","U.S. Government Motor Gasoline Consumption","Trillion Btu"
MGGVBUS,198413,51.2,"7","U.S. Government Motor Gasoline Consumption","Trillion Btu"
MGGVBUS,198513,50.4,"7","U.S. Government Motor Gasoline Consumption","Trillion Btu"
MGGVBUS,198613,45.3,"7","U.S. Government Motor Gasoline Consumption","Trillion Btu"
MGGVBUS,198713,43.1,"7","U.S. Government Motor Gasoline Consumption","Trillion Btu"
MGGVBUS,198813,41.2,"7","U.S. Government Motor Gasoline Consumption","Trillion Btu"
MGGVBUS,198913,41.1,"7","U.S. Government Motor Gasoline Consumption","Trillion Btu"
MGGVBUS,199013,37.2,"7","U.S. Government Motor Gasoline Consumption","Trillion Btu"
MGGVBUS,199113,34.1,"7","U.S. Government Motor Gasoline Consumption","Trillion Btu"
MGGVBUS,199213,35.6,"7","U.S. Government Motor Gasoline Consumption","Trillion Btu"
MGGVBUS,199313,34.5,"7","U.S. Government Motor Gasoline Consumption","Trillion Btu"
MGGVBUS,199413,29.5,"7","U.S. Government Motor Gasoline Consumption","Trillion Btu"
MGGVBUS,199513,31.9,"7","U.S. Government Motor Gasoline Consumption","Trillion Btu"
MGGVBUS,199613,27.6,"7","U.S. Government Motor Gasoline Consumption","Trillion Btu"
MGGVBUS,199713,39,"7","U.S. Government Motor Gasoline Consumption","Trillion Btu"
MGGVBUS,199813,43,"7","U.S. Government Motor Gasoline Consumption","Trillion Btu"
MGGVBUS,199913,41.1,"7","U.S. Government Motor Gasoline Consumption","Trillion Btu"
MGGVBUS,200013,43.9,"7","U.S. Government Motor Gasoline Consumption","Trillion Btu"
MGGVBUS,200113,42.5,"7","U.S. Government Motor Gasoline Consumption","Trillion Btu"
MGGVBUS,200213,41.3,"7","U.S. Government Motor Gasoline Consumption","Trillion Btu"
MGGVBUS,200313,46.3,"7","U.S. Government Motor Gasoline Consumption","Trillion Btu"
MGGVBUS,200413,44.1,"7","U.S. Government Motor Gasoline Consumption","Trillion Btu"
MGGVBUS,200513,48.8,"7","U.S. Government Motor Gasoline Consumption","Trillion Btu"
MGGVBUS,200613,48.3,"7","U.S. Government Motor Gasoline Consumption","Trillion Btu"
MGGVBUS,200713,46.5,"7","U.S. Government Motor Gasoline Consumption","Trillion Btu"
MGGVBUS,200813,48.7,"7","U.S. Government Motor Gasoline Consumption","Trillion Btu"
MGGVBUS,200913,48.3,"7","U.S. Government Motor Gasoline Consumption","Trillion Btu"
MGGVBUS,201013,51.3,"7","U.S. Government Motor Gasoline Consumption","Trillion Btu"
MGGVBUS,201113,52.7,"7","U.S. Government Motor Gasoline Consumption","Trillion Btu"
MGGVBUS,201213,50.1,"7","U.S. Government Motor Gasoline Consumption","Trillion Btu"
MGGVBUS,201313,46.6,"7","U.S. Government Motor Gasoline Consumption","Trillion Btu"
MGGVBUS,201413,44.9,"7","U.S. Government Motor Gasoline Consumption","Trillion Btu"
MGGVBUS,201513,46.8,"7","U.S. Government Motor Gasoline Consumption","Trillion Btu"
PAGVBUS,197513,1174.2,"8","U.S. Government Petroleum Consumption","Trillion Btu"
PAGVBUS,197613,1016.4,"8","U.S. Government Petroleum Consumption","Trillion Btu"
PAGVBUS,197713,1042.1,"8","U.S. Government Petroleum Consumption","Trillion Btu"
PAGVBUS,197813,1002.9,"8","U.S. Government Petroleum Consumption","Trillion Btu"
PAGVBUS,197913,1013.1,"8","U.S. Government Petroleum Consumption","Trillion Btu"
PAGVBUS,198013,1011.6,"8","U.S. Government Petroleum Consumption","Trillion Btu"
PAGVBUS,198113,1066,"8","U.S. Government Petroleum Consumption","Trillion Btu"
PAGVBUS,198213,1082.5,"8","U.S. Government Petroleum Consumption","Trillion Btu"
PAGVBUS,198313,1060.8,"8","U.S. Government Petroleum Consumption","Trillion Btu"
PAGVBUS,198413,1093.6,"8","U.S. Government Petroleum Consumption","Trillion Btu"
PAGVBUS,198513,1054.3,"8","U.S. Government Petroleum Consumption","Trillion Btu"
PAGVBUS,198613,1032.1,"8","U.S. Government Petroleum Consumption","Trillion Btu"
PAGVBUS,198713,1069.5,"8","U.S. Government Petroleum Consumption","Trillion Btu"
PAGVBUS,198813,951.9,"8","U.S. Government Petroleum Consumption","Trillion Btu"
PAGVBUS,198913,1052.4,"8","U.S. Government Petroleum Consumption","Trillion Btu"
PAGVBUS,199013,1019.1,"8","U.S. Government Petroleum Consumption","Trillion Btu"
PAGVBUS,199113,1044.7,"8","U.S. Government Petroleum Consumption","Trillion Btu"
PAGVBUS,199213,868.4,"8","U.S. Government Petroleum Consumption","Trillion Btu"
PAGVBUS,199313,838.1,"8","U.S. Government Petroleum Consumption","Trillion Btu"
PAGVBUS,199413,782.6,"8","U.S. Government Petroleum Consumption","Trillion Btu"
PAGVBUS,199513,735.9,"8","U.S. Government Petroleum Consumption","Trillion Btu"
PAGVBUS,199613,714.4,"8","U.S. Government Petroleum Consumption","Trillion Btu"
PAGVBUS,199713,697.6,"8","U.S. Government Petroleum Consumption","Trillion Btu"
PAGVBUS,199813,666.8,"8","U.S. Government Petroleum Consumption","Trillion Btu"
PAGVBUS,199913,650.4,"8","U.S. Government Petroleum Consumption","Trillion Btu"
PAGVBUS,200013,621,"8","U.S. Government Petroleum Consumption","Trillion Btu"
PAGVBUS,200113,638,"8","U.S. Government Petroleum Consumption","Trillion Btu"
PAGVBUS,200213,682.8,"8","U.S. Government Petroleum Consumption","Trillion Btu"
PAGVBUS,200313,758.4,"8","U.S. Government Petroleum Consumption","Trillion Btu"
PAGVBUS,200413,816.9,"8","U.S. Government Petroleum Consumption","Trillion Btu"
PAGVBUS,200513,786.1,"8","U.S. Government Petroleum Consumption","Trillion Btu"
PAGVBUS,200613,703.6,"8","U.S. Government Petroleum Consumption","Trillion Btu"
PAGVBUS,200713,723.7,"8","U.S. Government Petroleum Consumption","Trillion Btu"
PAGVBUS,200813,774,"8","U.S. Government Petroleum Consumption","Trillion Btu"
PAGVBUS,200913,723.9,"8","U.S. Government Petroleum Consumption","Trillion Btu"
PAGVBUS,201013,747.7,"8","U.S. Government Petroleum Consumption","Trillion Btu"
PAGVBUS,201113,755.8,"8","U.S. Government Petroleum Consumption","Trillion Btu"
PAGVBUS,201213,694.4,"8","U.S. Government Petroleum Consumption","Trillion Btu"
PAGVBUS,201313,613.2,"8","U.S. Government Petroleum Consumption","Trillion Btu"
PAGVBUS,201413,594.8,"8","U.S. Government Petroleum Consumption","Trillion Btu"
PAGVBUS,201513,602.1,"8","U.S. Government Petroleum Consumption","Trillion Btu"
AFGVBUS,197513,0,"9","U.S. Government Other Mobility Fuels Consumption","Trillion Btu"
AFGVBUS,197613,0,"9","U.S. Government Other Mobility Fuels Consumption","Trillion Btu"
AFGVBUS,197713,0,"9","U.S. Government Other Mobility Fuels Consumption","Trillion Btu"
AFGVBUS,197813,0,"9","U.S. Government Other Mobility Fuels Consumption","Trillion Btu"
AFGVBUS,197913,0,"9","U.S. Government Other Mobility Fuels Consumption","Trillion Btu"
AFGVBUS,198013,.2,"9","U.S. Government Other Mobility Fuels Consumption","Trillion Btu"
AFGVBUS,198113,.2,"9","U.S. Government Other Mobility Fuels Consumption","Trillion Btu"
AFGVBUS,198213,.2,"9","U.S. Government Other Mobility Fuels Consumption","Trillion Btu"
AFGVBUS,198313,.2,"9","U.S. Government Other Mobility Fuels Consumption","Trillion Btu"
AFGVBUS,198413,.2,"9","U.S. Government Other Mobility Fuels Consumption","Trillion Btu"
AFGVBUS,198513,.2,"9","U.S. Government Other Mobility Fuels Consumption","Trillion Btu"
AFGVBUS,198613,.3,"9","U.S. Government Other Mobility Fuels Consumption","Trillion Btu"
AFGVBUS,198713,.4,"9","U.S. Government Other Mobility Fuels Consumption","Trillion Btu"
AFGVBUS,198813,.4,"9","U.S. Government Other Mobility Fuels Consumption","Trillion Btu"
AFGVBUS,198913,2.2,"9","U.S. Government Other Mobility Fuels Consumption","Trillion Btu"
AFGVBUS,199013,2.6,"9","U.S. Government Other Mobility Fuels Consumption","Trillion Btu"
AFGVBUS,199113,6,"9","U.S. Government Other Mobility Fuels Consumption","Trillion Btu"
AFGVBUS,199213,8.4,"9","U.S. Government Other Mobility Fuels Consumption","Trillion Btu"
AFGVBUS,199313,5.8,"9","U.S. Government Other Mobility Fuels Consumption","Trillion Btu"
AFGVBUS,199413,7.7,"9","U.S. Government Other Mobility Fuels Consumption","Trillion Btu"
AFGVBUS,199513,8.4,"9","U.S. Government Other Mobility Fuels Consumption","Trillion Btu"
AFGVBUS,199613,18.7,"9","U.S. Government Other Mobility Fuels Consumption","Trillion Btu"
AFGVBUS,199713,14.5,"9","U.S. Government Other Mobility Fuels Consumption","Trillion Btu"
AFGVBUS,199813,5.9,"9","U.S. Government Other Mobility Fuels Consumption","Trillion Btu"
AFGVBUS,199913,.4,"9","U.S. Government Other Mobility Fuels Consumption","Trillion Btu"
AFGVBUS,200013,1.8,"9","U.S. Government Other Mobility Fuels Consumption","Trillion Btu"
AFGVBUS,200113,4.8,"9","U.S. Government Other Mobility Fuels Consumption","Trillion Btu"
AFGVBUS,200213,3.2,"9","U.S. Government Other Mobility Fuels Consumption","Trillion Btu"
AFGVBUS,200313,3.3,"9","U.S. Government Other Mobility Fuels Consumption","Trillion Btu"
AFGVBUS,200413,3.1,"9","U.S. Government Other Mobility Fuels Consumption","Trillion Btu"
AFGVBUS,200513,5.6,"9","U.S. Government Other Mobility Fuels Consumption","Trillion Btu"
AFGVBUS,200613,2.1,"9","U.S. Government Other Mobility Fuels Consumption","Trillion Btu"
AFGVBUS,200713,2.9,"9","U.S. Government Other Mobility Fuels Consumption","Trillion Btu"
AFGVBUS,200813,3.6,"9","U.S. Government Other Mobility Fuels Consumption","Trillion Btu"
AFGVBUS,200913,10.1,"9","U.S. Government Other Mobility Fuels Consumption","Trillion Btu"
AFGVBUS,201013,3,"9","U.S. Government Other Mobility Fuels Consumption","Trillion Btu"
AFGVBUS,201113,2.7,"9","U.S. Government Other Mobility Fuels Consumption","Trillion Btu"
AFGVBUS,201213,3.1,"9","U.S. Government Other Mobility Fuels Consumption","Trillion Btu"
AFGVBUS,201313,2.8,"9","U.S. Government Other Mobility Fuels Consumption","Trillion Btu"
AFGVBUS,201413,3.6,"9","U.S. Government Other Mobility Fuels Consumption","Trillion Btu"
AFGVBUS,201513,3.7,"9","U.S. Government Other Mobility Fuels Consumption","Trillion Btu"
ELGVBUS,197513,141.5,"10","U.S. Government Electricity Consumption","Trillion Btu"
ELGVBUS,197613,139.3,"10","U.S. Government Electricity Consumption","Trillion Btu"
ELGVBUS,197713,141.1,"10","U.S. Government Electricity Consumption","Trillion Btu"
ELGVBUS,197813,141,"10","U.S. Government Electricity Consumption","Trillion Btu"
ELGVBUS,197913,141.2,"10","U.S. Government Electricity Consumption","Trillion Btu"
ELGVBUS,198013,141.9,"10","U.S. Government Electricity Consumption","Trillion Btu"
ELGVBUS,198113,144.5,"10","U.S. Government Electricity Consumption","Trillion Btu"
ELGVBUS,198213,147.5,"10","U.S. Government Electricity Consumption","Trillion Btu"
ELGVBUS,198313,151.5,"10","U.S. Government Electricity Consumption","Trillion Btu"
ELGVBUS,198413,155.9,"10","U.S. Government Electricity Consumption","Trillion Btu"
ELGVBUS,198513,167.2,"10","U.S. Government Electricity Consumption","Trillion Btu"
ELGVBUS,198613,155.8,"10","U.S. Government Electricity Consumption","Trillion Btu"
ELGVBUS,198713,169.9,"10","U.S. Government Electricity Consumption","Trillion Btu"
ELGVBUS,198813,171.2,"10","U.S. Government Electricity Consumption","Trillion Btu"
ELGVBUS,198913,188.6,"10","U.S. Government Electricity Consumption","Trillion Btu"
ELGVBUS,199013,193.6,"10","U.S. Government Electricity Consumption","Trillion Btu"
ELGVBUS,199113,192.7,"10","U.S. Government Electricity Consumption","Trillion Btu"
ELGVBUS,199213,192.5,"10","U.S. Government Electricity Consumption","Trillion Btu"
ELGVBUS,199313,193.1,"10","U.S. Government Electricity Consumption","Trillion Btu"
ELGVBUS,199413,190.9,"10","U.S. Government Electricity Consumption","Trillion Btu"
ELGVBUS,199513,184.8,"10","U.S. Government Electricity Consumption","Trillion Btu"
ELGVBUS,199613,184,"10","U.S. Government Electricity Consumption","Trillion Btu"
ELGVBUS,199713,183.6,"10","U.S. Government Electricity Consumption","Trillion Btu"
ELGVBUS,199813,181.4,"10","U.S. Government Electricity Consumption","Trillion Btu"
ELGVBUS,199913,180,"10","U.S. Government Electricity Consumption","Trillion Btu"
ELGVBUS,200013,193.6,"10","U.S. Government Electricity Consumption","Trillion Btu"
ELGVBUS,200113,188.4,"10","U.S. Government Electricity Consumption","Trillion Btu"
ELGVBUS,200213,188.3,"10","U.S. Government Electricity Consumption","Trillion Btu"
ELGVBUS,200313,193.8,"10","U.S. Government Electricity Consumption","Trillion Btu"
ELGVBUS,200413,197.1,"10","U.S. Government Electricity Consumption","Trillion Btu"
ELGVBUS,200513,197.6,"10","U.S. Government Electricity Consumption","Trillion Btu"
ELGVBUS,200613,196.7,"10","U.S. Government Electricity Consumption","Trillion Btu"
ELGVBUS,200713,194.9,"10","U.S. Government Electricity Consumption","Trillion Btu"
ELGVBUS,200813,196,"10","U.S. Government Electricity Consumption","Trillion Btu"
ELGVBUS,200913,191.3,"10","U.S. Government Electricity Consumption","Trillion Btu"
ELGVBUS,201013,193.7,"10","U.S. Government Electricity Consumption","Trillion Btu"
ELGVBUS,201113,193.2,"10","U.S. Government Electricity Consumption","Trillion Btu"
ELGVBUS,201213,187.2,"10","U.S. Government Electricity Consumption","Trillion Btu"
ELGVBUS,201313,184.7,"10","U.S. Government Electricity Consumption","Trillion Btu"
ELGVBUS,201413,182.1,"10","U.S. Government Electricity Consumption","Trillion Btu"
ELGVBUS,201513,184,"10","U.S. Government Electricity Consumption","Trillion Btu"
OTGVBUS,197513,5.1,"11","U.S. Government Purchased Steam and Other Energy Consumption","Trillion Btu"
OTGVBUS,197613,4.6,"11","U.S. Government Purchased Steam and Other Energy Consumption","Trillion Btu"
OTGVBUS,197713,5.7,"11","U.S. Government Purchased Steam and Other Energy Consumption","Trillion Btu"
OTGVBUS,197813,6.4,"11","U.S. Government Purchased Steam and Other Energy Consumption","Trillion Btu"
OTGVBUS,197913,7.1,"11","U.S. Government Purchased Steam and Other Energy Consumption","Trillion Btu"
OTGVBUS,198013,6.8,"11","U.S. Government Purchased Steam and Other Energy Consumption","Trillion Btu"
OTGVBUS,198113,6.2,"11","U.S. Government Purchased Steam and Other Energy Consumption","Trillion Btu"
OTGVBUS,198213,6.2,"11","U.S. Government Purchased Steam and Other Energy Consumption","Trillion Btu"
OTGVBUS,198313,9,"11","U.S. Government Purchased Steam and Other Energy Consumption","Trillion Btu"
OTGVBUS,198413,10.1,"11","U.S. Government Purchased Steam and Other Energy Consumption","Trillion Btu"
OTGVBUS,198513,13.9,"11","U.S. Government Purchased Steam and Other Energy Consumption","Trillion Btu"
OTGVBUS,198613,13.7,"11","U.S. Government Purchased Steam and Other Energy Consumption","Trillion Btu"
OTGVBUS,198713,13.9,"11","U.S. Government Purchased Steam and Other Energy Consumption","Trillion Btu"
OTGVBUS,198813,32,"11","U.S. Government Purchased Steam and Other Energy Consumption","Trillion Btu"
OTGVBUS,198913,20.6,"11","U.S. Government Purchased Steam and Other Energy Consumption","Trillion Btu"
OTGVBUS,199013,19.1,"11","U.S. Government Purchased Steam and Other Energy Consumption","Trillion Btu"
OTGVBUS,199113,18.3,"11","U.S. Government Purchased Steam and Other Energy Consumption","Trillion Btu"
OTGVBUS,199213,22.5,"11","U.S. Government Purchased Steam and Other Energy Consumption","Trillion Btu"
OTGVBUS,199313,18.6,"11","U.S. Government Purchased Steam and Other Energy Consumption","Trillion Btu"
OTGVBUS,199413,18.2,"11","U.S. Government Purchased Steam and Other Energy Consumption","Trillion Btu"
OTGVBUS,199513,18.2,"11","U.S. Government Purchased Steam and Other Energy Consumption","Trillion Btu"
OTGVBUS,199613,20.1,"11","U.S. Government Purchased Steam and Other Energy Consumption","Trillion Btu"
OTGVBUS,199713,19.2,"11","U.S. Government Purchased Steam and Other Energy Consumption","Trillion Btu"
OTGVBUS,199813,18.8,"11","U.S. Government Purchased Steam and Other Energy Consumption","Trillion Btu"
OTGVBUS,199913,21.5,"11","U.S. Government Purchased Steam and Other Energy Consumption","Trillion Btu"
OTGVBUS,200013,20.2,"11","U.S. Government Purchased Steam and Other Energy Consumption","Trillion Btu"
OTGVBUS,200113,18.6,"11","U.S. Government Purchased Steam and Other Energy Consumption","Trillion Btu"
OTGVBUS,200213,18.5,"11","U.S. Government Purchased Steam and Other Energy Consumption","Trillion Btu"
OTGVBUS,200313,23.2,"11","U.S. Government Purchased Steam and Other Energy Consumption","Trillion Btu"
OTGVBUS,200413,22,"11","U.S. Government Purchased Steam and Other Energy Consumption","Trillion Btu"
OTGVBUS,200513,24.3,"11","U.S. Government Purchased Steam and Other Energy Consumption","Trillion Btu"
OTGVBUS,200613,18.2,"11","U.S. Government Purchased Steam and Other Energy Consumption","Trillion Btu"
OTGVBUS,200713,16.7,"11","U.S. Government Purchased Steam and Other Energy Consumption","Trillion Btu"
OTGVBUS,200813,17.7,"11","U.S. Government Purchased Steam and Other Energy Consumption","Trillion Btu"
OTGVBUS,200913,17.7,"11","U.S. Government Purchased Steam and Other Energy Consumption","Trillion Btu"
OTGVBUS,201013,18.2,"11","U.S. Government Purchased Steam and Other Energy Consumption","Trillion Btu"
OTGVBUS,201113,19.1,"11","U.S. Government Purchased Steam and Other Energy Consumption","Trillion Btu"
OTGVBUS,201213,22.5,"11","U.S. Government Purchased Steam and Other Energy Consumption","Trillion Btu"
OTGVBUS,201313,21.8,"11","U.S. Government Purchased Steam and Other Energy Consumption","Trillion Btu"
OTGVBUS,201413,21.9,"11","U.S. Government Purchased Steam and Other Energy Consumption","Trillion Btu"
OTGVBUS,201513,21.3,"11","U.S. Government Purchased Steam and Other Energy Consumption","Trillion Btu"
TEGVBUS,197513,1565,"12","U.S. Government Total Consumption","Trillion Btu"
TEGVBUS,197613,1383.4,"12","U.S. Government Total Consumption","Trillion Btu"
TEGVBUS,197713,1398.5,"12","U.S. Government Total Consumption","Trillion Btu"
TEGVBUS,197813,1360.9,"12","U.S. Government Total Consumption","Trillion Btu"
TEGVBUS,197913,1375.4,"12","U.S. Government Total Consumption","Trillion Btu"
TEGVBUS,198013,1371.2,"12","U.S. Government Total Consumption","Trillion Btu"
TEGVBUS,198113,1424.2,"12","U.S. Government Total Consumption","Trillion Btu"
TEGVBUS,198213,1451.4,"12","U.S. Government Total Consumption","Trillion Btu"
TEGVBUS,198313,1431.8,"12","U.S. Government Total Consumption","Trillion Btu"
TEGVBUS,198413,1482.5,"12","U.S. Government Total Consumption","Trillion Btu"
TEGVBUS,198513,1450.3,"12","U.S. Government Total Consumption","Trillion Btu"
TEGVBUS,198613,1406.7,"12","U.S. Government Total Consumption","Trillion Btu"
TEGVBUS,198713,1466.3,"12","U.S. Government Total Consumption","Trillion Btu"
TEGVBUS,198813,1360.3,"12","U.S. Government Total Consumption","Trillion Btu"
TEGVBUS,198913,1464.7,"12","U.S. Government Total Consumption","Trillion Btu"
TEGVBUS,199013,1438,"12","U.S. Government Total Consumption","Trillion Btu"
TEGVBUS,199113,1461.7,"12","U.S. Government Total Consumption","Trillion Btu"
TEGVBUS,199213,1294.8,"12","U.S. Government Total Consumption","Trillion Btu"
TEGVBUS,199313,1246.8,"12","U.S. Government Total Consumption","Trillion Btu"
TEGVBUS,199413,1178.2,"12","U.S. Government Total Consumption","Trillion Btu"
TEGVBUS,199513,1128.5,"12","U.S. Government Total Consumption","Trillion Btu"
TEGVBUS,199613,1107.7,"12","U.S. Government Total Consumption","Trillion Btu"
TEGVBUS,199713,1091.2,"12","U.S. Government Total Consumption","Trillion Btu"
TEGVBUS,199813,1037.1,"12","U.S. Government Total Consumption","Trillion Btu"
TEGVBUS,199913,1010.9,"12","U.S. Government Total Consumption","Trillion Btu"
TEGVBUS,200013,993.1,"12","U.S. Government Total Consumption","Trillion Btu"
TEGVBUS,200113,1002.3,"12","U.S. Government Total Consumption","Trillion Btu"
TEGVBUS,200213,1043.4,"12","U.S. Government Total Consumption","Trillion Btu"
TEGVBUS,200313,1132.3,"12","U.S. Government Total Consumption","Trillion Btu"
TEGVBUS,200413,1191.7,"12","U.S. Government Total Consumption","Trillion Btu"
TEGVBUS,200513,1166.4,"12","U.S. Government Total Consumption","Trillion Btu"
TEGVBUS,200613,1076.4,"12","U.S. Government Total Consumption","Trillion Btu"
TEGVBUS,200713,1090.2,"12","U.S. Government Total Consumption","Trillion Btu"
TEGVBUS,200813,1141.5,"12","U.S. Government Total Consumption","Trillion Btu"
TEGVBUS,200913,1094.8,"12","U.S. Government Total Consumption","Trillion Btu"
TEGVBUS,201013,1112.7,"12","U.S. Government Total Consumption","Trillion Btu"
TEGVBUS,201113,1114.1,"12","U.S. Government Total Consumption","Trillion Btu"
TEGVBUS,201213,1039.3,"12","U.S. Government Total Consumption","Trillion Btu"
TEGVBUS,201313,959.3,"12","U.S. Government Total Consumption","Trillion Btu"
TEGVBUS,201413,941.5,"12","U.S. Government Total Consumption","Trillion Btu"
TEGVBUS,201513,947,"12","U.S. Government Total Consumption","Trillion Btu"
